<?xml version="1.0" encoding="UTF-8" standalone="yes"?>
<addon id="plugin.video.sickrage"
	name="SickRage"
	version="1.3.14"
	provider-name="Hiltronix">
	<requires>
		<import addon="xbmc.python" version="2.1.0"/>
		<import addon="script.module.metahandler" version="2.5.1" />
		<import addon="script.module.addon.common" version="2.0.0" />
	</requires>
	<extension point="xbmc.python.pluginsource" library="default.py">
		<provides>executable video</provides>
	</extension>
	<extension point="xbmc.addon.metadata">
		<summary>SickRage Interface for Kodi/XBMC</summary>
		<description>View and control SickRage or SickBeard from within Kodi/XBMC.</description>
		<platform>all</platform>
		<language>en</language>
		<license>GNU GENERAL PUBLIC LICENSE. Version 2, June 1991</license>
		<source>https://github.com/Hiltronix/plugin.video.sickrage</source>
		<email>hiltronix@gmail.com</email>
	</extension>
</addon>
