<?xml version="1.0" encoding="UTF-8" standalone="yes"?>
<addon id="plugin.video.surveillanceroom" name="Surveillance Room" version="1.2.2" provider-name="Maikito26">
  <requires>
    <import addon="xbmc.python" version="2.19.0"/>
    <import addon="script.module.requests" version="2.3.0" optional="false"/>
  </requires>
  <extension point="xbmc.python.pluginsource" library="default.py">
    <provides>executable video</provides>
  </extension>
  <extension point="xbmc.service" library="service.py" start="login"/>
  <extension point="xbmc.addon.metadata">
    <platform>all</platform>
    <summary>Surveillance Room is a full featured IP Camera viewer for up to 6 IP Cameras.  This add-on also supports Foscam IP Cameras APIs.</summary>
    <description>Originally designed for Foscam HD IP cameras, this addon can now live stream and monitor motion and sound alarms for up to 6 IP Cameras.  The add-on can show the video feed for up to 4 IP Cameras simultaneously, or 6 cameras individaully.  Motion or sound alarms for Foscam IP Cameras can be made to trigger a preview of the camera, or the preview windows can be called by a button, script or externally.</description>
    <disclaimer>This add-on is not affiliated with Foscam. This add-on will modify some settings on the camera itself such as motion and sound detection settings.</disclaimer>
    <forum>http://forum.kodi.tv/showthread.php?tid=240768</forum>
    <website>https://github.com/maikito26</website>
    <source>https://github.com/maikito26/plugin.video.surveillanceroom.git</source>
    <license>GNU GENERAL PUBLIC LICENSE. Version 2, June 1991</license>
  </extension>
</addon>
