<?xml version="1.0" encoding="UTF-8" standalone="yes"?>
<addon id="repository.maikito26" name="Maikito26 Add-ons" version="0.0.3" provider-name="Maikito26">
    <extension point="xbmc.addon.repository" name="Maikito26 Add-ons">
		<info compressed="true">https://github.com/maikito26/repository.maikito26.storage/raw/master/addons.xml</info>
		<checksum>https://github.com/maikito26/repository.maikito26.storage/raw/master/addons.xml.md5</checksum>
		<datadir zip="true">https://rawgithub.com/maikito26/repository.maikito26.storage/master/</datadir>
	</extension>
	<extension point="xbmc.addon.metadata">
		<summary>Maikito26 Add-ons</summary>
		<description>Repository of add-ons by Maikito26. Some add-ons are final and perhaps obtainable by the official repository of KODI. Add-ons in alpha and beta status are here to test exclusively and for testers to provide them with updates.</description>
		<platform>all</platform>	
	</extension>
</addon>